аб’юзивність;;
алекситимія;;
апологізація;;
апологічність;;
атакування;;
афіліація;;
багатостраждальність;;
балуваність;;
амбіційність;;
багатослів’я;;
баріння;;
автаркія;;
асертивність;;
анонсування;;
барнума;;
безгрошев’я;;
безгрошів’я;;
бездвідність;;
бездифіцитність;;
бездум’я;;
беззбитквість;;
безкультур’я;;
безоглдяність;;
безпам’ятність;;
безпам’ятство;;
безпам’яття;;
безпам’ять;;
безпретензійність;;
безпривітність;;
безпрограшність;;
безпутність;;
безрахубність;;
безрозсудливість;;
безсердість;;
безслав’я;;
безсумність;;
безтемпераментність;;
безтрепетність;;
безуважність;;
безхитрісність;;
безчуттєвість;;
безшлюб’я;;
безщасність;;
бентега;;
бичтроумність;;
благість;;
блефування;;
братолюб’я;;
брюкання;;
в’їдливість;;
в’юнкість;;
в’язнення;;
в’ялість;;
вбачливість;;
вв’язування;;
ввірення;;
взаємозв’язок;;
вигідливість;;
визуджування;;
виправдовування;;
випроваджання;;
виразливість;;
вишурхування;;
від’єднання;;
відв’язування;;
відвінчальність;;
відігравання;;
відмахування;;
відовідступництво;;
відопчинок;;
відпровадження;;
відрубаність;;
відсічування;;
влюбливість;;
вмотивованість;;
вмотивування;;
внадження;;
внадливість;;
возз’єднання;;
впевненість;;
вподоба;;
врочистість;;
всеозброєення;;
втішання;;
втома;;
втома;;
вшановування;;
вшанування;;
гарбарування;;
гіперкомпенсація;;
горделивість;;
гордовливість;;
гордуватість;;
гострослів’я;;
грізність;;
грошелюбство;;
ґабзування;;
джиґунство;;
дилетанство;;
доброут;;
довір’я;;
догаряння;;
доскіпливість;;
дотриування;;
дріб’язковість;;
екстравертність;;
екстравертованість;;
емпатія;;
епатаж;;
живоїдство;;
жлобство;;
з’єднання;;
з’ясовування;;
з’ясування;;
забагливість;;
загроженість;;
зажурливість;;
заінтригованість;;
закам’янілість;;
закоснілість;;
закоцюблість;;
закритість;;
залюбленість;;
залюблення;;
замага;;
заморочення;;
заморочування;;
занапащення;;
занікчеміти;;
занудженість;;
заплутаність;;
запозирливість;;
запоручення;;
запохмуреність;;
запрацьованість;;
запрелютість;;
заприязненість;;
засапаність;;
засиджування;;
заслуговування;;
засмуга;;
застрашеність;;
застрявання;;
застрягання;;
затьмареність;;
зачервствілість;;
зашарілість;;
збайдужнілість;;
зв’язаність;;
згірдливість;;
згірдність;;
згриза;;
здемаскованість;;
здемасковування;;
здемаскування;;
здеморалізованість;;
здерев’янілість;;
здерев’яніння;;
здирливість;;
здирництво;;
здужалість;;
здурілість;;
злагідний;;
зледачілість;;
злопам’ятність;;
злопам’ятство;;
злопам’ять;;
зм’якшення;;
змарнілість;;
зневір’я;;
зніченість;;
знічення;;
зобиджання;;
зобов’язання;;
зручний.;;
ігногрування;;
ізобретательность;;
імітаторство;;
імітування;;
іморалізм;;
імпусльвність;;
індиферетність;;
інсайт;;
інтерес;;
інтуіція;;
іронізуваня;;
каверзування;;
капризність;;
катарсис;;
катуші;;
кебетливість;;
кепство;;
керуванння;;
княжнецтво;;
когнітивний;;
когось;;
комедіанство;;
комікуваня;;
кон’юктурництво;;
конгруентність;;
консолідування;;
контроля;;
конформність;;
кордоцентризм;;
кородливість;;
корпання;;
кортіння;;
кукібливість;;
кукібність;;
куштувння;;
лащення;;
легковір’я;;
лихослів’я;;
ловеластво;;
ловійло;;
локус;;
люб’язність;;
любливість;;
людоїдність;;
людославність;;
людскість;;
лячність;;
м’якість;;
м’якосердя;;
м’якотілість;;
м’якшання;;
маловір’я;;
маловтішність;;
малодосвідність;;
малоздібність;;
малоістотність;;
малоосвіченість;;
малопереконливість;;
малоуспішність;;
малоцікавість;;
малочутливість;;
манливість;;
марнодумство;;
марнослів’я;;
мерзосвітність;;
механічність;;
миролюбство;;
нав’язливість;;
нав’язування;;
нав’язь;;
наваблення;;
навратливість;;
надвередження;;
надчутивість;;
напиндюченість;;
напів’ява;;
напутливість;;
настерігання;;
настраханість;;
насумреність;;
натомленість;;
натрудженість;;
натуженість;;
нахмуреність;;
нахнюпленість;;
нахрапистість;;
небайдужість;;
небалакуість;;
небездоганність;;
неввічлиівсть;;
невідв’язність;;
невідоповідність;;
невідрадність;;
невір’я;;
невстрійливість;;
невтішність;;
невчаснність;;
недаремність;;
недо0вготривалість;;
недовір’я;;
недовір’я;;
недозволеність;;
недостаність;;
недохідливість;;
неефектнивність;;
нез’ясованість;;
нез’ясовність;;
незакінченність;;
незв’язність;;
нездоров’я;;
незібраність;;
незлопам’ятність;;
нелюб’язність;;
немність;;
немоценність;;
необґрунтованість;;
неодрадність;;
непам’ять;;
неправльність;;
непродуманність;;
нерозбірливість;;
нерозв’язність;;
неув’язка;;
нехибкість;;
низькопклонництво;;
низькопклонство;;
никлість;;
нігілістичність;;
нісеніність;;
нічвидність;;
нічев’я;;
нонконформізм;;
нормальність;;
норовистість;;
нудливість;;
об’єднавство;;
об’єднання;;
об’єднування;;
об’єктивність;;
об’їдання;;
об’їжджання;;
об’яв;;
об’ява;;
обгана;;
обґронтовування;;
обґрунтованість;;
обґрунтування;;
обдавання;;
обидливість;;
обидчивість;;
обласкавлення;;
обласканість;;
обмінювання;;
обов’язковість;;
обов’язок;;
обрятовування;;
обсесія;;
обсмокутвання;;
одерев’яніння;;
одрада;;
оздоровлювання;;
ойойойкання;;
окам’янілість;;
окам’яніння;;
оп’яніння;;
опочиванка;;
оскаженілість;;
оскудівання;;
острукурювання;;
осциліація;;
отінювання;;
отуманілість;;
очмарілість;;
п’янство;;
падкість;;
паломницво;;
пам’ятання;;
пам’ятливість;;
панібратсво;;
пантрування;;
перегородження;;
перемир’я;;
перемінливість;;
перераджування;;
перестережливість;;
перестрашеність;;
перехоплювання;;
пиндючення;;
пиндючливість;;
пинявість;;
під’юдження;;
під’юджування;;
підбадьорення;;
підбадьорування;;
підбираня;;
підборкарння;;
підборкування;;
підгибання;;
підгоджання;;
піддовбування;;
піддрочування;;
підживання;;
піджидання;;
підігравання;;
підкапощення;;
підклоняння;;
підключання;;
підкорювання;;
підкрадання;;
підкріпювання;;
підлепливість;;
підлепність;;
підманювання;;
підмулювання;;
підневіджування;;
підсиленя;;
підслуховування;;
підсупництво;;
підсьобування;;
підхліпництво;;
підштрикування;;
пітрявість;;
пліткування;;
плохість;;
пов’язаність;;
пов’язання;;
пов’язування;;
пов’язь;;
повноправ’я;;
повсякденщина;;
погрозливість;;
пожертвування7;;
позбалення;;
пом’якшеність;;
пом’якшення;;
поминнання;;
посвятсвто;;
похіпливість;;
похопливість;;
поштурхування;;
правмочність;;
практиканство;;
пред’явлення;;
пред’являння;;
прив’ядання;;
прив’язаність;;
прив’язання;;
прив’язування;;
прив’ялювання;;
придирливість;;
прикидливість;;
прикібність;;
прикончення;;
примир’я;;
прожалість;;
промощування;;
пронирливість;;
проовжування;;
проступсвто;;
протверження;;
публічність;;
пудність;;
пустованість;;
пустовливість;;
пустослів’я;;
раповість;;
рапортування;;
раубвання;;
раяння;;
рв’яність;;
рвавння;;
рвіність;;
реалістиність;;
релігійне;;
реформаторство;;
рівноправ’я;;
роз’єднаність;;
роз’єднання;;
роз’єднування;;
роз’їдання;;
роз’їзд;;
роз’їздка;;
роз’яреність;;
роз’ярення;;
роз’яснення;;
роз’яснювання;;
роз’ятрення;;
роз’ятрювання;;
розв’язання;;
розв’язка;;
розв’язність;;
розв’язування;;
розгадія;;
роздебенювання;;
роздум’я;;
розенталя;;
розкака;;
розкумування;;
розлученість;;
розм’якання;;
розм’якшення;;
розм’якшування;;
розмагнічення;;
розосореджування;;
розп’ясти;;
розп’яття;;
розяг;;
самість;;
самодостатність;;
самоїдство;;
святотацтво;;
сектанство;;
серозність;;
сибариство;;
сикофанство;;
сичливість;;
скам’янілість;;
скам’яніння;;
славолюство;;
славослів’я;;
славослов’я;;
сором’язливість;;
сором’язність;;
сп’яніння;;
спади;;
спвіввіднесення;;
сплануваненя;;
спричнювання;;
спротив;;
срок;;
стидов’я;;
сторомота;;
страхів’я;;
стрмистість;;
суб’єктивізм;;
суб’єктивність;;
сум’яття;;
сумир’я;;
суміжи;;
суміжи;;
схибленість;;
схибнутість;;
сябрування;;
тихомирсво;;
трагедыйнысть;;
трагедыя;;
трепыт;;
троризування;;
тупоумсвто;;
турація;;
убезпека;;
убогодухість;;
ув’язливість;;
увірення;;
угамування;;
угідливість;;
угідність;;
угоджання;;
угодство;;
ударніть;;
укорливість;;
укоханість;;
уласкавлення;;
уласкавлювання;;
улюблення;;
унеможливлення;;
уникливість;;
унятливість;;
упікання;;
уповажнення;;
уповідання;;
урекливість;;
урівноваженя;;
урічливість;;
усамітнення;;
ускіпливість;;
услужливість;;
утанаження;;
ухваляння;;
учепистість;;
учовпати;;
ушляхетнення;;
ущасливлення;;
фаббінг;;
фальшивосердість;;
фальшивосердя;;
фасія;;
фрустрація;;
хаї;;
харапудливість;;
шаблонування;;
широкоосвіченість;;